-- -------------------------------------------------------------
-- TablePlus 3.12.2(358)
--
-- https://tableplus.com/
--
-- Database: devdb
-- Generation Time: 2021-02-03 14:52:11.3000
-- -------------------------------------------------------------


INSERT INTO "public"."depense" ("id_d", "annee_d", "montant_d") VALUES
('3', '2020', '1000'),
('6', '2021', '500'),
('7', '2022', '8000000000'),
('8', '2009', '409.698');

INSERT INTO "public"."entree_sortie" ("id_es", "annee_recette_es", "annee_affectation_es", "montant_es") VALUES
('1', '2018', '2021', '50000'),
('2', '2018', '2022', '60000'),
('4', '2018', '2025', '6000');

INSERT INTO "public"."financement" ("id_f", "id_p", "id_financeur", "montant_arrete_f", "date_arrete_f", "date_limite_solde_f", "date_solde_f", "statut_f", "commentaire_admin_f", "commentaire_resp_f", "numero_titre_f", "annee_titre_f", "imputation_f") VALUES
('69', '71', '1', '8884', '2021-01-21', NULL, NULL, 'ANTR', '', '', '', '', ''),
('85', '71', '3', '150', '2021-01-08', NULL, NULL, 'ATR', '', '', '', '', ''),
('102', '74', '2', '65329.95', '2017-05-02', '2020-09-24', NULL, 'ATR', 'Données de tests !', '', '', '', ''),
('103', '75', '2', '16506', '2019-04-29', '2020-03-31', NULL, 'ATR', 'Données de tests !', '', '', '', ''),
('104', '75', '2', '101001.5', '2019-04-02', '2022-09-30', NULL, 'ATR', 'Données de tests !', '', '', '', ''),
('105', '75', '2', '23187', '2020-05-25', '2021-03-30', NULL, 'ATR', 'Données de tests !', '', '', '', ''),
('106', '75', '2', '20907', NULL, NULL, NULL, 'ATR', 'Données de tests !', '', '', '', ''),
('107', '76', '2', '11436.37', '2019-03-19', '2020-03-31', NULL, 'ATR', 'Données de tests !', '', '', '', ''),
('108', '76', '2', '58631.11', '2019-06-18', '2022-06-30', NULL, 'ATR', 'Données de tests !', '', '', '', ''),
('109', '76', '2', '10139', '2020-05-25', '2021-03-30', NULL, 'ATR', 'Données de tests !', '', '', '', ''),
('110', '76', '2', '12372.9', NULL, NULL, NULL, 'ATR', 'Données de tests !', '', '', '', ''),
('111', '77', '2', '7000', '2018-02-14', '2019-02-13', NULL, 'ATR', 'Données de tests !', '', '', '', ''),
('112', '78', '2', '40000', '2019-03-11', '2022-12-31', NULL, 'ATR', 'Données de tests !', '', '', '', ''),
('113', '78', '2', '40000', '2019-11-18', '2022-12-31', NULL, 'ATR', 'Données de tests !', '', '', '', ''),
('114', '78', '2', '40000', '2019-11-14', '2022-12-31', NULL, 'ATR', 'Données de tests !', '', '', '', ''),
('115', '78', '2', '120000', '2019-08-08', '2022-06-30', NULL, 'ATR', 'Données de tests !', '', '', '', ''),
('116', '79', '2', '22170', '2020-01-28', '2022-04-15', NULL, 'ATR', 'Données de tests !', '', '', '', ''),
('117', '79', '2', '17149', '2020-04-27', '2022-08-14', NULL, 'ATR', 'Données de tests !', '', '', '', ''),
('118', '79', '2', '17149', NULL, NULL, NULL, 'ATR', 'Données de tests !', '', '', '', ''),
('119', '79', '2', '95270', '2020-02-24', '2022-10-31', NULL, 'ATR', 'Données de tests !', '', '', '', ''),
('152', '71', '1', '11144', NULL, NULL, NULL, 'ANTR', '', '', '', '', ''),
('157', '71', '3', '3345', NULL, NULL, NULL, 'ANTR', '', '', '', '', ''),
('158', '71', '1', '45555', NULL, NULL, NULL, 'ANTR', '', '', '', '', ''),
('167', '81', '3', '50000', NULL, NULL, '2021-02-10', 'ATR', '', '', '', '', ''),
('171', '71', '3', '23', '2021-02-01', NULL, '2021-02-04', 'ANTR', '', '', '', '', ''),
('172', '71', '3', '200', NULL, NULL, '2021-02-04', 'ANTR', '', '', '', '', ''),
('176', '80', '1', '50000', NULL, NULL, NULL, 'ANTR', '', '', '', '', ''),
('177', '80', '1', '25000', NULL, NULL, NULL, 'ANTR', '', '', '', '', ''),
('178', '72', '3', '123', NULL, NULL, NULL, 'ANTR', '', '', '', '', ''),
('179', '80', '1', '8500', NULL, NULL, NULL, 'ANTR', '', '', '', '', ''),
('180', '80', '1', '75800', NULL, NULL, NULL, 'ANTR', '', '', '', '', ''),
('181', '80', '7', '9500', NULL, NULL, NULL, 'ANTR', '', '', '', '', ''),
('182', '80', '1', '12500', NULL, NULL, NULL, 'ANTR', '', '', '', '', ''),
('183', '80', '1', '8800', NULL, NULL, NULL, 'ANTR', '', '', '', '', '');

INSERT INTO "public"."financeur" ("id_financeur", "nom_financeur", "ref_arret_attributif_financeur") VALUES
('1', 'CBNA', NULL),
('2', 'MIAGE', NULL),
('3', 'GRENOBLE', NULL),
('4', 'GRENOBLE CITY', NULL),
('7', 'Goultard', ''),
('8', 'Moutagne', 'ras0');

INSERT INTO "public"."montant_affecte" ("id_ma", "montant_ma", "annee_ma", "id_r") VALUES
('43', '1572', '2016', '358'),
('44', '5436.33', '2017', '358'),
('45', '19604.67', '2017', '359'),
('46', '12500.28', '2018', '359'),
('47', '483.72', '2018', '360'),
('48', '10628', '2019', '360'),
('49', '15104.95', '2020', '360'),
('50', '4951.8', '2019', '361'),
('51', '11554.2', '2019', '362'),
('52', '29390.77', '2019', '363'),
('53', '38646.5', '2020', '364'),
('54', '32964.24', '2021', '365'),
('55', '11593.5', '2020', '366'),
('56', '11593.5', '2020', '367'),
('57', '6272.1', '2021', '368'),
('58', '14634.9', '2021', '369'),
('59', '5232.51', '2019', '370'),
('60', '6203.86', '2019', '371'),
('61', '19060.61', '2019', '372'),
('62', '17641.5', '2020', '373'),
('63', '21929', '2021', '374'),
('64', '5069.5', '2020', '375'),
('65', '5069.5', '2020', '376'),
('66', '3711.87', '2021', '377'),
('67', '8661.03', '2021', '378'),
('68', '7000', '2018', '379'),
('69', '12000', '2019', '380'),
('70', '28000', '2019', '381'),
('71', '12000', '2020', '382'),
('72', '28000', '2020', '383'),
('73', '12000', '2021', '384'),
('74', '28000', '2021', '385'),
('75', '40000', '2019', '386'),
('76', '40000', '2020', '387'),
('77', '40000', '2021', '388'),
('78', '10258', '2020', '389'),
('79', '9653', '2021', '390'),
('80', '1432', '2022', '390'),
('81', '3429.8', '2020', '391'),
('82', '12440.2', '2020', '392'),
('83', '1279', '2021', '392'),
('84', '3429.8', '2021', '393'),
('85', '11504', '2021', '394'),
('86', '2215.2', '2022', '394'),
('87', '44086', '2020', '395'),
('88', '45036', '2021', '396'),
('89', '6148', '2022', '397'),
('96', '3', '2004', '403'),
('99', '14', '2010', '403'),
('101', '21', '2055', '403'),
('103', '2', '2000', '403'),
('104', '3', '2001', '403'),
('105', '5', '2007', '403'),
('106', '45', '1995', '403'),
('109', '827', '2021', '389'),
('127', '233', '2020', '416'),
('137', '6', '2016', '403'),
('139', '34', '2020', '404'),
('140', '5', '2020', '400'),
('141', '2', '2001', '434');

INSERT INTO "public"."projet" ("id_p", "code_p", "nom_p", "statut_p", "id_u") VALUES
('71', '23050', 'Alexo', 't', '37'),
('72', '23018', 'Aminata', 'f', '2'),
('74', '16025', 'Alcotra Resthalp', 'f', '36'),
('75', '18003', 'SCALP', 'f', '36'),
('76', '18004', 'ROCVEG', 'f', '36'),
('77', '18022', 'SILENE', 'f', '36'),
('78', '18059', 'Infloreb', 'f', '36'),
('79', '19017', 'Floreclim', 'f', '36'),
('80', '2345', 'CAESAR III', 'f', '1'),
('81', '21000', 'marc', 'f', '1'),
('85', '23999', 'eee', 'f', '34');

INSERT INTO "public"."recette" ("id_r", "id_f", "montant_r", "annee_r") VALUES
('358', '102', '7008.33', '2017'),
('359', '102', '32104.95', '2019'),
('360', '102', '26216.67', '2020'),
('361', '103', '4951.8', '2019'),
('362', '103', '11554.2', '2020'),
('363', '104', '29390.77', '2020'),
('364', '104', '38646.5', '2021'),
('365', '104', '32964.24', '2022'),
('366', '105', '11593.5', '2020'),
('367', '105', '11593.5', '2021'),
('368', '106', '6272.1', '2021'),
('369', '106', '14634.9', '2022'),
('370', '107', '5232.51', '2019'),
('371', '107', '6203.86', '2020'),
('372', '108', '19060.61', '2020'),
('373', '108', '17641.5', '2021'),
('374', '108', '21929', '2022'),
('375', '109', '5069.5', '2020'),
('376', '109', '5069.5', '2021'),
('377', '110', '3711.87', '2021'),
('378', '110', '8661.03', '2022'),
('379', '111', '7000', '2018'),
('380', '112', '12000', '2019'),
('381', '112', '28000', '2020'),
('382', '113', '12000', '2019'),
('383', '113', '28000', '2021'),
('384', '114', '12000', '2019'),
('385', '114', '28000', '2022'),
('386', '115', '40000', '2020'),
('387', '115', '40000', '2021'),
('388', '115', '40000', '2022'),
('389', '116', '11085', '2020'),
('390', '116', '11085', '2022'),
('391', '117', '3429.8', '2020'),
('392', '117', '13719.2', '2021'),
('393', '118', '3429.8', '2021'),
('394', '118', '13719.2', '2022'),
('395', '119', '44086', '2021'),
('396', '119', '45036', '2022'),
('397', '119', '6148', '2023'),
('400', '69', '10', '2012'),
('402', '69', '1', '2020'),
('403', '85', '100', '2013'),
('404', '85', '40', '2012'),
('405', '85', '5', '2011'),
('406', '85', '2', '2010'),
('407', '85', '1', '2015'),
('408', '85', '1', '2000'),
('416', '167', '5000', '2021'),
('433', '171', '2', '2021'),
('434', '171', '2', '2025'),
('441', '176', '8000', '2045');

INSERT INTO "public"."revoked_tokens" ("id", "jti") VALUES
('1', '248ad490-826e-4b14-83fe-3ac20da03327'),
('2', '439e06cd-2357-4fd3-bd5c-2982a99404a9'),
('3', '55585ccc-0079-4bd2-b63c-b7791333ddb7'),
('4', 'bfd1a7ac-7134-48bb-8ee3-a66a4f4fb49e'),
('5', '02c7b9e9-70d6-4e6f-957b-23a297e8c061'),
('6', 'ea556aad-29d0-4f0e-b004-b81626bd8e59'),
('7', '6cc1bfc4-e82f-412a-85c7-123ed22a6444'),
('8', 'f7a2c996-2579-41d4-970a-4d90330e8d5d'),
('9', '06e9eaa3-78e6-4768-8afa-a96369da5a9a'),
('10', 'a234274d-857c-4b1a-9f35-c8abe7155c87'),
('11', '88f946bb-ed86-4635-b2dd-f777ee00443d'),
('12', '4af1ef02-3d86-4c7c-89b1-b832270fec6a'),
('13', '918e17b0-2950-42af-8be2-b2f4319344c3'),
('14', 'f140047b-db10-442b-adac-3100edb160d0'),
('15', 'a510b789-c2e3-4fb1-813e-6d28b0bb1437'),
('16', '0b3c0fdc-84d9-4c1d-bb0b-972e26ee1b21'),
('17', 'bf07370f-2b37-4bcf-976f-d024c8021418'),
('18', '89c63b43-3785-4f8b-b2de-1df4abc93e24'),
('19', '3488c9f6-4970-4028-8fb1-a2197cfdce27'),
('20', 'f2e6b225-cad6-4427-a151-8076ee35cf81'),
('21', '791f13eb-a639-49cd-a2f5-d63410568292'),
('22', '6fabea2f-93fc-4711-828a-6c7562aae21e'),
('23', 'de0e20df-9102-415a-a7fe-1412fce4ba02'),
('24', 'f9a3bea0-ade3-47fa-a298-04121089138e'),
('25', '8bdd27bd-8ff6-4dc9-91eb-8c780e9ab2ed'),
('26', 'dadab044-e0e4-4a8c-991a-acfc979f34e7'),
('27', '02ed0aba-ce2a-4cd8-94e2-15f2e07a67ca'),
('28', 'a6bbadf1-3709-43ee-b93a-21a65d772449'),
('29', '0fa5b262-eac8-4336-a50a-9fdbe6ca1f8c'),
('30', '804199f3-2035-4f1a-b7ed-4ac4438a6af5'),
('31', '44b262ce-a2c2-4def-9194-5962cae81dd7'),
('32', 'b0dba6a3-ebfa-4d89-85ce-0e4af5c10dad'),
('33', '518a19e7-16a3-460e-b3b2-ede9c6d0575b'),
('34', '53a8c2a7-f531-4586-8f41-4fbcd72822a2'),
('35', '48924fbe-d85b-4f86-a066-28a37df89f9e'),
('36', '970fbb6c-05d8-48ff-829f-92c5fbe45f0f'),
('37', '3ba4f25b-a8df-4b87-8a4d-e27b2822661a'),
('38', '186137da-6bf7-47d8-86ab-733cad1a4fe8'),
('39', '79b78545-de5b-4dab-9452-124358a824e5'),
('40', 'fcb84a0c-7c6f-4d88-91ae-d5fa6063bb11'),
('41', '545df2be-ce65-4a8f-8118-fca06761cf02'),
('42', 'ed2dfb8a-75e1-4372-b422-4fa978a37325'),
('43', '2227d6de-a016-47e8-9edd-b7cf1305ca43'),
('44', '37cc5161-1606-42aa-a210-5bacd877ffcb'),
('45', 'd7f9a192-d527-4754-a91f-68f59e2c73f9'),
('46', '487a6339-c985-4b00-9bb0-a80587b12f6d'),
('47', 'a98b6333-b03e-4111-b52e-fb406139ad09'),
('48', '2f64d40f-339f-4612-8766-c13db0309f19'),
('49', '499ce1ec-0688-4cb4-86ee-64f812856dc0'),
('50', '77090855-54ce-4030-a8b3-85624269cb5e'),
('51', 'c0c4f96d-3134-4a4c-838c-3e9b480c07c5'),
('52', '38d181d7-59a8-48ec-a683-c1e451742e92'),
('53', '0ef2fd9b-55a8-4c49-a40f-e2546adaa620'),
('54', '2c6d5689-44bb-47c9-ac6c-2ee5f038a03a'),
('55', '952fe8e9-776c-4607-894b-6fd2424dc4be'),
('56', '57b54f03-12eb-4537-a5c8-9d0f6701ec30'),
('57', 'b1b289c5-d18e-41c9-81c2-8b8b43daae34'),
('58', 'b7c8e4e5-36ac-48a2-9f1e-405612aa5872'),
('59', '728e04f7-456b-401f-9fe5-ad5ebc2ed635'),
('60', '366578e6-3b4d-49e2-8cf8-e5c5ba5c28bf'),
('61', 'd4d6540b-85c7-4a8a-aa6d-733ca0ac58da'),
('62', '628e76a0-b3d6-4e2a-8078-d8d06fb41c64'),
('63', '5a00ca31-11bc-4749-b787-174c0e058b70'),
('64', '0a60d383-29d3-4f76-892b-c64535cbb97e'),
('65', 'f44d7714-370f-45f4-84c1-641ac0bf7650'),
('66', '89ef1bd7-dd3c-46d2-9549-c9c74ea320a1'),
('67', 'd8f1f8ab-8ac0-4196-998e-2b843ee230da'),
('68', '0c27a538-3ec0-46a8-9984-56c910b31c6b'),
('69', 'a3713e61-4245-4a1c-8992-7caf419e9b01'),
('70', '128003fd-d165-4147-a0b5-e67762e42d72'),
('71', 'fa8a7168-5f25-4f69-923e-f488122976c8'),
('72', '4b45d72a-0864-4d07-812c-c7976c759266'),
('73', '455f2863-cf7b-4264-b483-73a733ba35c0'),
('74', '74a9237f-45d0-4636-bb65-8a978d87adb3'),
('75', '341c3c62-540d-4d39-9f45-e076c039cc1c'),
('76', 'a4c95c2e-c858-46e6-bf1b-53f625ae7540'),
('77', '5853f748-349d-4c5e-8c91-4af446b5f93d'),
('78', 'ab30cebf-fb8c-4d55-960c-e118555529c9'),
('79', 'ce74e1e8-7151-4345-a9a7-b89b43422910'),
('80', 'fdd04619-2fce-4c24-b78f-191efcbfd810'),
('81', 'f9532ade-7ec1-4b68-932c-7b51ba4402c6'),
('82', '94e06ee9-817a-43c3-9784-d463ff8a2bee');

INSERT INTO "public"."role_acces" ("id_ra", "nom_ra", "code_ra") VALUES
('1', 'administrateur', '1'),
('2', 'consultant', '2');

INSERT INTO "public"."role_utilisateur" ("id_ra", "id_u") VALUES
('1', '1'),
('1', '37'),
('1', '57'),
('1', '58'),
('2', '2'),
('2', '3'),
('2', '34'),
('2', '35'),
('2', '36'),
('2', '37'),
('2', '38'),
('2', '39'),
('2', '40'),
('2', '41'),
('2', '42'),
('2', '43'),
('2', '44'),
('2', '45'),
('2', '46'),
('2', '47'),
('2', '48'),
('2', '49'),
('2', '50'),
('2', '51'),
('2', '52'),
('2', '53'),
('2', '54'),
('2', '55'),
('2', '56'),
('2', '57'),
('2', '58'),
('2', '59'),
('2', '60'),
('2', '61'),
('2', '62'),
('2', '63'),
('2', '64'),
('2', '65'),
('2', '66'),
('2', '67'),
('2', '68'),
('2', '69'),
('2', '70'),
('2', '71'),
('2', '72'),
('2', '73'),
('2', '74'),
('2', '76');

INSERT INTO "public"."utilisateur" ("id_u", "nom_u", "prenom_u", "initiales_u", "email_u", "password_u", "active_u") VALUES
('1', 'monnom', 'super', 'msu', 'testimaill@mail.ml', '$pbkdf2-sha256$29000$p1SqNUao1dr7X4vR2hvDGA$B65/miob/RZAB716l.jdkqfrX5zeGlhrGZBPy0STdqE', 't'),
('2', 'lambda', 'user1', 'lau', 'user1-lambda@cbna.com', '$pbkdf2-sha256$29000$p1SqNUao1dr7X4vR2hvDGA$B65/miob/RZAB716l.jdkqfrX5zeGlhrGZBPy0STdqE', 't'),
('3', 'monnom', 'super', 'mns', 'supermail@mail.ml', '$pbkdf2-sha256$29000$9z6HEAJgTAkBQKgV4nzv3Q$6JrbfLu/WPJC0862xbanyjzng2H340sWpJS4ye4V/hM', 't'),
('4', 'Sans rôle', 'Sans rôle', '...', 'sansrole@mail.fr', '$pbkdf2-sha256$29000$p1SqNUao1dr7X4vR2hvDGA$B65/miob/RZAB716l.jdkqfrX5zeGlhrGZBPy0STdqE', 't'),
('5', 'Inactif', 'Inactif', 'ina', 'inactif@mail.fr', '$pbkdf2-sha256$29000$p1SqNUao1dr7X4vR2hvDGA$B65/miob/RZAB716l.jdkqfrX5zeGlhrGZBPy0STdqE', 'f'),
('34', 'LECLERE', 'Alisson', 'al', 'a.leclere@cbn-alpin.fr', '$pbkdf2-sha256$29000$p1SqNUao1dr7X4vR2hvDGA$B65/miob/RZAB716l.jdkqfrX5zeGlhrGZBPy0STdqE', 't'),
('35', 'MERHAN', 'Baptiste', 'bm', 'b.merhan@cbn-alpin.fr', '$pbkdf2-sha256$29000$p1SqNUao1dr7X4vR2hvDGA$B65/miob/RZAB716l.jdkqfrX5zeGlhrGZBPy0STdqE', 't'),
('36', 'BERTRAND', 'Bernard', 'bb', 'b.bertrand@cbn-alpin.fr', '$pbkdf2-sha256$29000$p1SqNUao1dr7X4vR2hvDGA$B65/miob/RZAB716l.jdkqfrX5zeGlhrGZBPy0STdqE', 't'),
('37', 'LIENARD', 'Bertrand', 'bl', 'b.lienard@cbn-alpin.fr', '$pbkdf2-sha256$29000$p1SqNUao1dr7X4vR2hvDGA$B65/miob/RZAB716l.jdkqfrX5zeGlhrGZBPy0STdqE', 't'),
('38', 'LAMBEY', 'Brigitte', 'bla', 'b.lambey@cbn-alpin.fr', '$pbkdf2-sha256$29000$p1SqNUao1dr7X4vR2hvDGA$B65/miob/RZAB716l.jdkqfrX5zeGlhrGZBPy0STdqE', 't'),
('39', 'WINTER', 'Candice', 'cw', 'c.winter@cbn-alpin.fr', '$pbkdf2-sha256$29000$p1SqNUao1dr7X4vR2hvDGA$B65/miob/RZAB716l.jdkqfrX5zeGlhrGZBPy0STdqE', 't'),
('40', 'PAULIN', 'David', 'dp', 'd.paulin@cbn-alpin.fr', '$pbkdf2-sha256$29000$p1SqNUao1dr7X4vR2hvDGA$B65/miob/RZAB716l.jdkqfrX5zeGlhrGZBPy0STdqE', 't'),
('41', 'RATAJCZAK', 'Emilie', 'er', 'e.ratajczak@cbn-alpin.fr', '$pbkdf2-sha256$29000$p1SqNUao1dr7X4vR2hvDGA$B65/miob/RZAB716l.jdkqfrX5zeGlhrGZBPy0STdqE', 't'),
('42', 'BLAIN', 'Emmanuelle', 'eb', 'e.blain@cbn-alpin.fr', '$pbkdf2-sha256$29000$p1SqNUao1dr7X4vR2hvDGA$B65/miob/RZAB716l.jdkqfrX5zeGlhrGZBPy0STdqE', 't'),
('43', 'MARQUIS', 'Frédéric', 'fm', 'f.marquis@cbn-alpin.fr', '$pbkdf2-sha256$29000$p1SqNUao1dr7X4vR2hvDGA$B65/miob/RZAB716l.jdkqfrX5zeGlhrGZBPy0STdqE', 't'),
('44', 'PACHE', 'Gilles', 'gp', 'g.pache@cbn-alpin.fr', '$pbkdf2-sha256$29000$p1SqNUao1dr7X4vR2hvDGA$B65/miob/RZAB716l.jdkqfrX5zeGlhrGZBPy0STdqE', 't'),
('45', 'BOITE', 'Générale', 'gb', 'cbna@cbn-alpin.fr', '$pbkdf2-sha256$29000$p1SqNUao1dr7X4vR2hvDGA$B65/miob/RZAB716l.jdkqfrX5zeGlhrGZBPy0STdqE', 't'),
('46', 'VILLARET', 'Jean-Charles', 'jcv', 'jc.villaret@cbn-alpin.fr', '$pbkdf2-sha256$29000$p1SqNUao1dr7X4vR2hvDGA$B65/miob/RZAB716l.jdkqfrX5zeGlhrGZBPy0STdqE', 't'),
('47', 'GENIS', 'Jean-Michel', 'jmg', 'jm.genis@cbn-alpin.fr', '$pbkdf2-sha256$29000$p1SqNUao1dr7X4vR2hvDGA$B65/miob/RZAB716l.jdkqfrX5zeGlhrGZBPy0STdqE', 't'),
('48', 'MILCENT', 'Jean-Pascal', 'jpm', 'jp.milcent@cbn-alpin.fr', '$pbkdf2-sha256$29000$p1SqNUao1dr7X4vR2hvDGA$B65/miob/RZAB716l.jdkqfrX5zeGlhrGZBPy0STdqE', 't'),
('49', 'VAN ES', 'Jérémie', 'jve', 'j.van-es@cbn-alpin.fr', '$pbkdf2-sha256$29000$p1SqNUao1dr7X4vR2hvDGA$B65/miob/RZAB716l.jdkqfrX5zeGlhrGZBPy0STdqE', 't'),
('50', 'MARIS', 'Louise', 'lm', 'l.maris@cbn-alpin.fr', '$pbkdf2-sha256$29000$p1SqNUao1dr7X4vR2hvDGA$B65/miob/RZAB716l.jdkqfrX5zeGlhrGZBPy0STdqE', 't'),
('51', 'GARRAUD', 'Luc', 'lg', 'l.garraud@cbn-alpin.fr', '$pbkdf2-sha256$29000$p1SqNUao1dr7X4vR2hvDGA$B65/miob/RZAB716l.jdkqfrX5zeGlhrGZBPy0STdqE', 't'),
('52', 'BONNET', 'Lucie', 'lb', 'l.bonnet@cbn-alpin.fr', '$pbkdf2-sha256$29000$p1SqNUao1dr7X4vR2hvDGA$B65/miob/RZAB716l.jdkqfrX5zeGlhrGZBPy0STdqE', 't'),
('53', 'VAHE', 'Lucile', 'lv', 'l.vahe@cbn-alpin.fr', '$pbkdf2-sha256$29000$p1SqNUao1dr7X4vR2hvDGA$B65/miob/RZAB716l.jdkqfrX5zeGlhrGZBPy0STdqE', 't'),
('54', 'LAPEBIE', 'Ludivine', 'll', 'l.lapebie@cbn-alpin.fr', '$pbkdf2-sha256$29000$p1SqNUao1dr7X4vR2hvDGA$B65/miob/RZAB716l.jdkqfrX5zeGlhrGZBPy0STdqE', 't'),
('55', 'ALGLAVE', 'Lydie', 'la', 'l.alglave@cbn-alpin.fr', '$pbkdf2-sha256$29000$p1SqNUao1dr7X4vR2hvDGA$B65/miob/RZAB716l.jdkqfrX5zeGlhrGZBPy0STdqE', 't'),
('56', 'BIZARD', 'Léa', 'lbd', 'l.bizard@cbn-alpin.fr', '$pbkdf2-sha256$29000$p1SqNUao1dr7X4vR2hvDGA$B65/miob/RZAB716l.jdkqfrX5zeGlhrGZBPy0STdqE', 't'),
('57', 'ISENMANN', 'Marc', 'mi', 'm.isenmann@cbn-alpin.fr', '$pbkdf2-sha256$29000$p1SqNUao1dr7X4vR2hvDGA$B65/miob/RZAB716l.jdkqfrX5zeGlhrGZBPy0STdqE', 't'),
('58', 'GILLIOT', 'Marianne', 'mg', 'm.gilliot@cbn-alpin.fr', '$pbkdf2-sha256$29000$p1SqNUao1dr7X4vR2hvDGA$B65/miob/RZAB716l.jdkqfrX5zeGlhrGZBPy0STdqE', 't'),
('59', 'MARIE', 'Marie-Hélène', 'mhm', 'mh.marie@cbn-alpin.fr', '$pbkdf2-sha256$29000$p1SqNUao1dr7X4vR2hvDGA$B65/miob/RZAB716l.jdkqfrX5zeGlhrGZBPy0STdqE', 't'),
('60', 'SPAETH', 'Martin', 'ms', 'm.spaeth@cbn-alpin.fr', '$pbkdf2-sha256$29000$p1SqNUao1dr7X4vR2hvDGA$B65/miob/RZAB716l.jdkqfrX5zeGlhrGZBPy0STdqE', 't'),
('61', 'MICHOULIER', 'Mathieu', 'mm', 'm.michoulier@cbn-alpin.fr', '$pbkdf2-sha256$29000$p1SqNUao1dr7X4vR2hvDGA$B65/miob/RZAB716l.jdkqfrX5zeGlhrGZBPy0STdqE', 't'),
('62', 'MOLINATTI', 'Myriam', 'mmi', 'm.molinatti@cbn-alpin.fr', '$pbkdf2-sha256$29000$p1SqNUao1dr7X4vR2hvDGA$B65/miob/RZAB716l.jdkqfrX5zeGlhrGZBPy0STdqE', 't'),
('63', 'FORT', 'Noémie', 'nf', 'n.fort@cbn-alpin.fr', '$pbkdf2-sha256$29000$p1SqNUao1dr7X4vR2hvDGA$B65/miob/RZAB716l.jdkqfrX5zeGlhrGZBPy0STdqE', 't'),
('64', 'KRISTO', 'Ornella', 'ok', 'o.kristo@cbn-alpin.fr', '$pbkdf2-sha256$29000$p1SqNUao1dr7X4vR2hvDGA$B65/miob/RZAB716l.jdkqfrX5zeGlhrGZBPy0STdqE', 't'),
('65', 'administratif', 'partage', 'pa', 'partage@cbn-alpin.fr', '$pbkdf2-sha256$29000$p1SqNUao1dr7X4vR2hvDGA$B65/miob/RZAB716l.jdkqfrX5zeGlhrGZBPy0STdqE', 't'),
('66', 'SEGURA', 'Paul', 'ps', 'p.segura@cbn-alpin.fr', '$pbkdf2-sha256$29000$p1SqNUao1dr7X4vR2hvDGA$B65/miob/RZAB716l.jdkqfrX5zeGlhrGZBPy0STdqE', 't'),
('67', 'DEBAY', 'Pauline', 'pdy', 'p.debay@cbn-alpin.fr', '$pbkdf2-sha256$29000$p1SqNUao1dr7X4vR2hvDGA$B65/miob/RZAB716l.jdkqfrX5zeGlhrGZBPy0STdqE', 't'),
('68', 'VALLEE', 'Sophie', 'sv', 's.vallee@cbn-alpin.fr', '$pbkdf2-sha256$29000$p1SqNUao1dr7X4vR2hvDGA$B65/miob/RZAB716l.jdkqfrX5zeGlhrGZBPy0STdqE', 't'),
('69', 'BISSUEL', 'Sophie', 'sb', 's.bissuel@cbn-alpin.fr', '$pbkdf2-sha256$29000$p1SqNUao1dr7X4vR2hvDGA$B65/miob/RZAB716l.jdkqfrX5zeGlhrGZBPy0STdqE', 't'),
('70', 'HUC', 'Stéphanie', 'sh', 's.huc@cbn-alpin.fr', '$pbkdf2-sha256$29000$p1SqNUao1dr7X4vR2hvDGA$B65/miob/RZAB716l.jdkqfrX5zeGlhrGZBPy0STdqE', 't'),
('71', 'ABDULHAK', 'Sylvain', 'sa', 's.abdulhak@cbn-alpin.fr', '$pbkdf2-sha256$29000$p1SqNUao1dr7X4vR2hvDGA$B65/miob/RZAB716l.jdkqfrX5zeGlhrGZBPy0STdqE', 't'),
('72', 'LEGLAND', 'Thomas', 'tl', 't.legland@cbn-alpin.fr', '$pbkdf2-sha256$29000$p1SqNUao1dr7X4vR2hvDGA$B65/miob/RZAB716l.jdkqfrX5zeGlhrGZBPy0STdqE', 't'),
('73', 'FINIELS', 'Véronique', 'vf', 'v.finiels@cbn-alpin.fr', '$pbkdf2-sha256$29000$p1SqNUao1dr7X4vR2hvDGA$B65/miob/RZAB716l.jdkqfrX5zeGlhrGZBPy0STdqE', 't'),
('74', 'BONNET', 'Véronique', 'vb', 'v.bonnet@cbn-alpin.fr', '$pbkdf2-sha256$29000$p1SqNUao1dr7X4vR2hvDGA$B65/miob/RZAB716l.jdkqfrX5zeGlhrGZBPy0STdqE', 't'),
('76', 'Samakin', 'Zantiè', 'zas', 'zantie@mail.ml', '$pbkdf2-sha256$29000$AmBszVlrjTEmZKwVYoxxTg$jPWNeixl4em9l1EVSfOV9K01I5Jr1J24wG9v.DqXDAk', 't');

